alarm_id,timestamp,source_system,host,service,severity,alarm_type,message,veri_merkezi,kabin,ortam
ALM-11075,2026-08-27T03:00:09,Prometheus,ao-042-load,load-balancer,2,network_flap,Arayuz eth0 link durumu 42 kez degisti,dc2,rack-A,prod
ALM-11078,2026-08-27T03:01:11,SyslogNG,ao-008-web,web-bff,1,network_flap,Arayuz eth0 link durumu 29 kez degisti,dc2,rack-C,prod
ALM-10958,2026-08-27T03:02:28,Zabbix,ao-048-batch,batch-scheduler,4,batch_overlap,Toplu is penceresi cakismasi tespit edildi,dc2,rack-A,prod
ALM-11016,2026-08-27T03:02:45,Prometheus,ao-033-subscriber,subscriber-db,3,cpu_high,CPU kullanimi yuzde 94,dc1,rack-A,prod
ALM-11012,2026-08-27T03:02:50,Prometheus,ao-031-subscriber,subscriber-db,4,db_conn_pool,"Baglanti havuzu tukendi, bekleyen istek sayisi 84",dc1,rack-B,prod
ALM-10959,2026-08-27T03:03:08,Prometheus,ao-048-batch,batch-scheduler,4,batch_overlap,Toplu is penceresi cakismasi tespit edildi,dc2,rack-A,prod
ALM-11040,2026-08-27T03:03:24,OBM,ao-032-subscriber,subscriber-db,3,db_conn_pool,"Baglanti havuzu tukendi, bekleyen istek sayisi 86",dc2,rack-C,prod
ALM-11041,2026-08-27T03:03:25,AppDynamics,ao-032-subscriber,subscriber-db,4,db_conn_pool,"Baglanti havuzu tukendi, bekleyen istek sayisi 81",dc2,rack-C,prod
ALM-10960,2026-08-27T03:03:51,OBM,ao-048-batch,batch-scheduler,4,batch_overlap,Toplu is penceresi cakismasi tespit edildi,dc2,rack-A,prod
ALM-11042,2026-08-27T03:04:00,Prometheus,ao-050-reconciliation,reconciliation-batch,4,batch_slow,Toplu is calisma suresi 88 dakikaya ulasti,dc2,rack-C,prod
ALM-11082,2026-08-27T03:04:09,OBM,ao-043-load,load-balancer,3,network_flap,Arayuz eth0 link durumu 44 kez degisti,dc1,rack-B,prod
ALM-11068,2026-08-27T03:04:23,Zabbix,ao-019-billing,billing-service,1,log_rotate,"Log rotasyonu beklenenden uzun surdu, 65 saniye",dc1,rack-B,prod
ALM-11066,2026-08-27T03:04:33,AppDynamics,ao-049-invoice,invoice-batch,1,backup_warn,Yedekleme 82 dakika gecikmeli,dc1,rack-B,prod
ALM-10961,2026-08-27T03:04:37,SyslogNG,ao-048-batch,batch-scheduler,4,batch_overlap,Toplu is penceresi cakismasi tespit edildi,dc2,rack-A,prod
ALM-11062,2026-08-27T03:05:00,Zabbix,ao-031-subscriber,subscriber-db,3,cpu_high,CPU kullanimi yuzde 94,dc1,rack-B,prod
ALM-10962,2026-08-27T03:05:15,Zabbix,ao-048-batch,batch-scheduler,4,batch_overlap,Toplu is penceresi cakismasi tespit edildi,dc2,rack-A,prod
ALM-11025,2026-08-27T03:05:23,Prometheus,ao-032-subscriber,subscriber-db,3,db_conn_pool,"Baglanti havuzu tukendi, bekleyen istek sayisi 98",dc2,rack-C,prod
ALM-10970,2026-08-27T03:05:35,AppDynamics,ao-051-report,report-batch,4,batch_slow,Toplu is calisma suresi 101 dakikaya ulasti,dc1,rack-A,prod
ALM-10963,2026-08-27T03:06:04,Prometheus,ao-050-reconciliation,reconciliation-batch,3,batch_slow,Toplu is calisma suresi 74 dakikaya ulasti,dc2,rack-C,prod
ALM-11071,2026-08-27T03:06:05,AppDynamics,ao-034-billing,billing-db,2,disk_warn,"Disk kullanimi uyari seviyesinde, yuzde 85 dolu",dc2,rack-B,prod
ALM-11084,2026-08-27T03:06:11,OBM,ao-004-mobile,mobile-bff,2,ntp_drift,Saat sapmasi 656 ms,dc2,rack-B,prod
ALM-11063,2026-08-27T03:06:26,SyslogNG,ao-048-batch,batch-scheduler,3,db_conn_pool,"Baglanti havuzu tukendi, bekleyen istek sayisi 101",dc2,rack-A,prod
ALM-10988,2026-08-27T03:06:33,OBM,ao-032-subscriber,subscriber-db,3,db_conn_pool,"Baglanti havuzu tukendi, bekleyen istek sayisi 103",dc2,rack-C,prod
ALM-10999,2026-08-27T03:06:36,OBM,ao-033-subscriber,subscriber-db,3,db_conn_pool,"Baglanti havuzu tukendi, bekleyen istek sayisi 97",dc1,rack-A,prod
ALM-11011,2026-08-27T03:06:36,OBM,ao-033-subscriber,subscriber-db,4,cpu_high,CPU kullanimi yuzde 90,dc1,rack-A,prod
ALM-10977,2026-08-27T03:06:43,Zabbix,ao-031-subscriber,subscriber-db,4,db_conn_pool,"Baglanti havuzu tukendi, bekleyen istek sayisi 94",dc1,rack-B,prod
ALM-10971,2026-08-27T03:07:29,OBM,ao-051-report,report-batch,3,batch_slow,Toplu is calisma suresi 89 dakikaya ulasti,dc1,rack-A,prod
ALM-11058,2026-08-27T03:07:39,Zabbix,ao-048-batch,batch-scheduler,3,cpu_high,CPU kullanimi yuzde 93,dc2,rack-A,prod
ALM-10994,2026-08-27T03:07:40,SyslogNG,ao-032-subscriber,subscriber-db,4,cpu_high,CPU kullanimi yuzde 98,dc2,rack-C,prod
ALM-11005,2026-08-27T03:07:44,OBM,ao-033-subscriber,subscriber-db,3,cpu_high,CPU kullanimi yuzde 92,dc1,rack-A,prod
ALM-10983,2026-08-27T03:07:45,Prometheus,ao-031-subscriber,subscriber-db,3,cpu_high,CPU kullanimi yuzde 86,dc1,rack-B,prod
ALM-11032,2026-08-27T03:07:48,SyslogNG,ao-033-subscriber,subscriber-db,3,cpu_high,CPU kullanimi yuzde 99,dc1,rack-A,prod
ALM-10964,2026-08-27T03:07:57,Zabbix,ao-050-reconciliation,reconciliation-batch,3,batch_slow,Toplu is calisma suresi 84 dakikaya ulasti,dc2,rack-C,prod
ALM-10989,2026-08-27T03:08:24,OBM,ao-032-subscriber,subscriber-db,4,db_conn_pool,"Baglanti havuzu tukendi, bekleyen istek sayisi 81",dc2,rack-C,prod
ALM-11048,2026-08-27T03:08:26,OBM,ao-050-reconciliation,reconciliation-batch,4,db_conn_pool,"Baglanti havuzu tukendi, bekleyen istek sayisi 115",dc2,rack-C,prod
ALM-10978,2026-08-27T03:08:46,SyslogNG,ao-031-subscriber,subscriber-db,3,db_conn_pool,"Baglanti havuzu tukendi, bekleyen istek sayisi 100",dc1,rack-B,prod
ALM-11047,2026-08-27T03:08:48,SyslogNG,ao-050-reconciliation,reconciliation-batch,3,db_conn_pool,"Baglanti havuzu tukendi, bekleyen istek sayisi 99",dc2,rack-C,prod
ALM-11000,2026-08-27T03:08:53,Zabbix,ao-033-subscriber,subscriber-db,3,db_conn_pool,"Baglanti havuzu tukendi, bekleyen istek sayisi 100",dc1,rack-A,prod
ALM-10965,2026-08-27T03:09:31,Zabbix,ao-050-reconciliation,reconciliation-batch,4,batch_slow,Toplu is calisma suresi 81 dakikaya ulasti,dc2,rack-C,prod
ALM-10984,2026-08-27T03:09:34,Zabbix,ao-031-subscriber,subscriber-db,4,cpu_high,CPU kullanimi yuzde 94,dc1,rack-B,prod
ALM-10972,2026-08-27T03:09:46,SyslogNG,ao-051-report,report-batch,4,batch_slow,Toplu is calisma suresi 78 dakikaya ulasti,dc1,rack-A,prod
ALM-10995,2026-08-27T03:09:55,SyslogNG,ao-032-subscriber,subscriber-db,4,cpu_high,CPU kullanimi yuzde 88,dc2,rack-C,prod
ALM-11006,2026-08-27T03:10:00,Zabbix,ao-033-subscriber,subscriber-db,3,cpu_high,CPU kullanimi yuzde 92,dc1,rack-A,prod
ALM-11059,2026-08-27T03:10:17,Zabbix,ao-050-reconciliation,reconciliation-batch,4,cpu_high,CPU kullanimi yuzde 89,dc2,rack-C,prod
ALM-11073,2026-08-27T03:10:22,OBM,ao-018-billing,billing-service,1,log_rotate,"Log rotasyonu beklenenden uzun surdu, 107 saniye",dc2,rack-A,prod
ALM-11080,2026-08-27T03:10:39,SyslogNG,ao-034-billing,billing-db,1,cert_expiry,Sertifika 31 gun icinde suresi dolacak,dc2,rack-B,prod
ALM-10990,2026-08-27T03:10:53,Zabbix,ao-032-subscriber,subscriber-db,3,db_conn_pool,"Baglanti havuzu tukendi, bekleyen istek sayisi 84",dc2,rack-C,prod
ALM-11001,2026-08-27T03:10:54,AppDynamics,ao-033-subscriber,subscriber-db,3,db_conn_pool,"Baglanti havuzu tukendi, bekleyen istek sayisi 109",dc1,rack-A,prod
ALM-10979,2026-08-27T03:10:56,Zabbix,ao-031-subscriber,subscriber-db,3,db_conn_pool,"Baglanti havuzu tukendi, bekleyen istek sayisi 96",dc1,rack-B,prod
ALM-11020,2026-08-27T03:10:58,Zabbix,ao-050-reconciliation,reconciliation-batch,4,db_conn_pool,"Baglanti havuzu tukendi, bekleyen istek sayisi 82",dc2,rack-C,prod
ALM-11079,2026-08-27T03:11:03,Zabbix,ao-019-billing,billing-service,1,cert_expiry,Sertifika 46 gun icinde suresi dolacak,dc1,rack-B,prod
ALM-11074,2026-08-27T03:11:13,Zabbix,ao-028-order,order-service,1,ntp_drift,Saat sapmasi 532 ms,dc2,rack-B,prod
ALM-11033,2026-08-27T03:11:19,AppDynamics,ao-048-batch,batch-scheduler,4,db_conn_pool,"Baglanti havuzu tukendi, bekleyen istek sayisi 93",dc2,rack-A,prod
ALM-11007,2026-08-27T03:11:37,OBM,ao-033-subscriber,subscriber-db,4,cpu_high,CPU kullanimi yuzde 90,dc1,rack-A,prod
ALM-10973,2026-08-27T03:11:40,Zabbix,ao-051-report,report-batch,4,batch_slow,Toplu is calisma suresi 83 dakikaya ulasti,dc1,rack-A,prod
ALM-10996,2026-08-27T03:11:57,SyslogNG,ao-032-subscriber,subscriber-db,4,cpu_high,CPU kullanimi yuzde 97,dc2,rack-C,prod
ALM-10985,2026-08-27T03:11:58,AppDynamics,ao-031-subscriber,subscriber-db,4,cpu_high,CPU kullanimi yuzde 92,dc1,rack-B,prod
ALM-10966,2026-08-27T03:11:59,Prometheus,ao-050-reconciliation,reconciliation-batch,4,batch_slow,Toplu is calisma suresi 85 dakikaya ulasti,dc2,rack-C,prod
ALM-11055,2026-08-27T03:12:02,SyslogNG,ao-031-subscriber,subscriber-db,3,cpu_high,CPU kullanimi yuzde 83,dc1,rack-B,prod
ALM-11002,2026-08-27T03:12:20,SyslogNG,ao-033-subscriber,subscriber-db,4,db_conn_pool,"Baglanti havuzu tukendi, bekleyen istek sayisi 96",dc1,rack-A,prod
ALM-11064,2026-08-27T03:12:23,Zabbix,ao-044-load,load-balancer,1,network_flap,Arayuz eth0 link durumu 53 kez degisti,dc2,rack-C,prod
ALM-10991,2026-08-27T03:12:29,Zabbix,ao-032-subscriber,subscriber-db,3,db_conn_pool,"Baglanti havuzu tukendi, bekleyen istek sayisi 102",dc2,rack-C,prod
ALM-11056,2026-08-27T03:12:35,Prometheus,ao-033-subscriber,subscriber-db,3,batch_slow,Toplu is calisma suresi 72 dakikaya ulasti,dc1,rack-A,prod
ALM-11070,2026-08-27T03:12:56,Prometheus,ao-017-subscriber,subscriber-service,2,cert_expiry,Sertifika 26 gun icinde suresi dolacak,dc1,rack-C,prod
ALM-10980,2026-08-27T03:13:03,OBM,ao-031-subscriber,subscriber-db,4,db_conn_pool,"Baglanti havuzu tukendi, bekleyen istek sayisi 106",dc1,rack-B,prod
ALM-11019,2026-08-27T03:13:21,OBM,ao-051-report,report-batch,3,cpu_high,CPU kullanimi yuzde 91,dc1,rack-A,prod
ALM-11022,2026-08-27T03:13:24,Prometheus,ao-051-report,report-batch,3,db_conn_pool,"Baglanti havuzu tukendi, bekleyen istek sayisi 102",dc1,rack-A,prod
ALM-11008,2026-08-27T03:13:28,AppDynamics,ao-033-subscriber,subscriber-db,4,cpu_high,CPU kullanimi yuzde 87,dc1,rack-A,prod
ALM-10997,2026-08-27T03:13:39,SyslogNG,ao-032-subscriber,subscriber-db,4,cpu_high,CPU kullanimi yuzde 99,dc2,rack-C,prod
ALM-10967,2026-08-27T03:13:47,Zabbix,ao-050-reconciliation,reconciliation-batch,3,batch_slow,Toplu is calisma suresi 87 dakikaya ulasti,dc2,rack-C,prod
ALM-10974,2026-08-27T03:13:56,OBM,ao-051-report,report-batch,3,batch_slow,Toplu is calisma suresi 86 dakikaya ulasti,dc1,rack-A,prod
ALM-10986,2026-08-27T03:13:57,Prometheus,ao-031-subscriber,subscriber-db,4,cpu_high,CPU kullanimi yuzde 97,dc1,rack-B,prod
ALM-11003,2026-08-27T03:14:20,AppDynamics,ao-033-subscriber,subscriber-db,4,db_conn_pool,"Baglanti havuzu tukendi, bekleyen istek sayisi 90",dc1,rack-A,prod
ALM-11029,2026-08-27T03:14:33,Zabbix,ao-031-subscriber,subscriber-db,3,batch_slow,Toplu is calisma suresi 96 dakikaya ulasti,dc1,rack-B,prod
ALM-10992,2026-08-27T03:14:35,Prometheus,ao-032-subscriber,subscriber-db,4,db_conn_pool,"Baglanti havuzu tukendi, bekleyen istek sayisi 106",dc2,rack-C,prod
ALM-11054,2026-08-27T03:14:37,AppDynamics,ao-051-report,report-batch,4,batch_slow,Toplu is calisma suresi 88 dakikaya ulasti,dc1,rack-A,prod
ALM-11044,2026-08-27T03:14:39,Zabbix,ao-051-report,report-batch,4,batch_slow,Toplu is calisma suresi 75 dakikaya ulasti,dc1,rack-A,prod
ALM-10981,2026-08-27T03:14:59,Prometheus,ao-031-subscriber,subscriber-db,4,db_conn_pool,"Baglanti havuzu tukendi, bekleyen istek sayisi 107",dc1,rack-B,prod
ALM-11052,2026-08-27T03:15:01,AppDynamics,ao-050-reconciliation,reconciliation-batch,4,cpu_high,CPU kullanimi yuzde 92,dc2,rack-C,prod
ALM-10987,2026-08-27T03:15:21,Zabbix,ao-031-subscriber,subscriber-db,3,cpu_high,CPU kullanimi yuzde 91,dc1,rack-B,prod
ALM-10975,2026-08-27T03:15:23,Zabbix,ao-051-report,report-batch,3,batch_slow,Toplu is calisma suresi 100 dakikaya ulasti,dc1,rack-A,prod
ALM-10998,2026-08-27T03:15:25,Zabbix,ao-032-subscriber,subscriber-db,4,cpu_high,CPU kullanimi yuzde 93,dc2,rack-C,prod
ALM-11009,2026-08-27T03:15:37,Zabbix,ao-033-subscriber,subscriber-db,4,cpu_high,CPU kullanimi yuzde 90,dc1,rack-A,prod
ALM-10968,2026-08-27T03:15:45,Prometheus,ao-050-reconciliation,reconciliation-batch,4,batch_slow,Toplu is calisma suresi 88 dakikaya ulasti,dc2,rack-C,prod
ALM-11023,2026-08-27T03:15:50,OBM,ao-050-reconciliation,reconciliation-batch,3,db_conn_pool,"Baglanti havuzu tukendi, bekleyen istek sayisi 82",dc2,rack-C,prod
ALM-11004,2026-08-27T03:16:47,Prometheus,ao-033-subscriber,subscriber-db,4,db_conn_pool,"Baglanti havuzu tukendi, bekleyen istek sayisi 93",dc1,rack-A,prod
ALM-10993,2026-08-27T03:16:53,OBM,ao-032-subscriber,subscriber-db,3,db_conn_pool,"Baglanti havuzu tukendi, bekleyen istek sayisi 79",dc2,rack-C,prod
ALM-10982,2026-08-27T03:17:00,SyslogNG,ao-031-subscriber,subscriber-db,4,db_conn_pool,"Baglanti havuzu tukendi, bekleyen istek sayisi 104",dc1,rack-B,prod
ALM-11081,2026-08-27T03:17:11,SyslogNG,ao-014-session,session-service,2,disk_warn,"Disk kullanimi uyari seviyesinde, yuzde 82 dolu",dc2,rack-C,prod
ALM-11083,2026-08-27T03:17:18,Zabbix,ao-041-object,object-store,1,network_flap,Arayuz eth0 link durumu 30 kez degisti,dc1,rack-C,prod
ALM-11065,2026-08-27T03:17:45,Zabbix,ao-003-api,api-gateway,1,ntp_drift,Saat sapmasi 694 ms,dc1,rack-A,prod
ALM-10969,2026-08-27T03:17:56,OBM,ao-050-reconciliation,reconciliation-batch,3,batch_slow,Toplu is calisma suresi 100 dakikaya ulasti,dc2,rack-C,prod
ALM-10976,2026-08-27T03:18:00,Zabbix,ao-051-report,report-batch,3,batch_slow,Toplu is calisma suresi 88 dakikaya ulasti,dc1,rack-A,prod
ALM-11072,2026-08-27T03:18:29,Prometheus,ao-040-message,message-queue,1,backup_warn,Yedekleme 34 dakika gecikmeli,dc2,rack-B,prod
ALM-11067,2026-08-27T03:18:58,Prometheus,ao-055-sms,sms-gateway,1,disk_warn,"Disk kullanimi uyari seviyesinde, yuzde 81 dolu",dc1,rack-B,prod
ALM-11061,2026-08-27T03:18:59,SyslogNG,ao-048-batch,batch-scheduler,3,batch_slow,Toplu is calisma suresi 83 dakikaya ulasti,dc2,rack-A,prod
ALM-11013,2026-08-27T03:19:20,AppDynamics,ao-048-batch,batch-scheduler,4,db_conn_pool,"Baglanti havuzu tukendi, bekleyen istek sayisi 94",dc2,rack-A,prod
ALM-11034,2026-08-27T03:19:36,Prometheus,ao-051-report,report-batch,4,batch_overlap,Toplu is penceresi cakismasi tespit edildi,dc1,rack-A,prod
ALM-11046,2026-08-27T03:20:03,OBM,ao-031-subscriber,subscriber-db,3,batch_slow,Toplu is calisma suresi 85 dakikaya ulasti,dc1,rack-B,prod
ALM-11018,2026-08-27T03:20:07,AppDynamics,ao-051-report,report-batch,3,cpu_high,CPU kullanimi yuzde 85,dc1,rack-A,prod
ALM-11045,2026-08-27T03:20:23,OBM,ao-050-reconciliation,reconciliation-batch,3,db_conn_pool,"Baglanti havuzu tukendi, bekleyen istek sayisi 92",dc2,rack-C,prod
ALM-11051,2026-08-27T03:20:33,Zabbix,ao-051-report,report-batch,4,batch_slow,Toplu is calisma suresi 82 dakikaya ulasti,dc1,rack-A,prod
ALM-11010,2026-08-27T03:20:35,Prometheus,ao-032-subscriber,subscriber-db,3,cpu_high,CPU kullanimi yuzde 83,dc2,rack-C,prod
ALM-11076,2026-08-27T03:20:36,AppDynamics,ao-043-load,load-balancer,1,log_rotate,"Log rotasyonu beklenenden uzun surdu, 60 saniye",dc1,rack-B,prod
ALM-11036,2026-08-27T03:20:43,Prometheus,ao-051-report,report-batch,4,batch_overlap,Toplu is penceresi cakismasi tespit edildi,dc1,rack-A,prod
ALM-11015,2026-08-27T03:20:52,Prometheus,ao-048-batch,batch-scheduler,4,db_conn_pool,"Baglanti havuzu tukendi, bekleyen istek sayisi 79",dc2,rack-A,prod
ALM-11031,2026-08-27T03:20:53,Zabbix,ao-032-subscriber,subscriber-db,4,cpu_high,CPU kullanimi yuzde 87,dc2,rack-C,prod
ALM-11050,2026-08-27T03:21:06,SyslogNG,ao-032-subscriber,subscriber-db,4,batch_slow,Toplu is calisma suresi 83 dakikaya ulasti,dc2,rack-C,prod
ALM-11037,2026-08-27T03:21:09,SyslogNG,ao-050-reconciliation,reconciliation-batch,3,db_conn_pool,"Baglanti havuzu tukendi, bekleyen istek sayisi 106",dc2,rack-C,prod
ALM-11057,2026-08-27T03:21:13,OBM,ao-031-subscriber,subscriber-db,3,cpu_high,CPU kullanimi yuzde 90,dc1,rack-B,prod
ALM-11028,2026-08-27T03:21:23,AppDynamics,ao-032-subscriber,subscriber-db,4,batch_slow,Toplu is calisma suresi 92 dakikaya ulasti,dc2,rack-C,prod
ALM-11030,2026-08-27T03:21:24,SyslogNG,ao-048-batch,batch-scheduler,4,cpu_high,CPU kullanimi yuzde 96,dc2,rack-A,prod
ALM-11053,2026-08-27T03:21:33,AppDynamics,ao-050-reconciliation,reconciliation-batch,3,db_conn_pool,"Baglanti havuzu tukendi, bekleyen istek sayisi 90",dc2,rack-C,prod
ALM-11060,2026-08-27T03:21:45,OBM,ao-050-reconciliation,reconciliation-batch,3,db_conn_pool,"Baglanti havuzu tukendi, bekleyen istek sayisi 100",dc2,rack-C,prod
ALM-11077,2026-08-27T03:22:43,Prometheus,ao-015-subscriber,subscriber-service,2,backup_warn,Yedekleme 35 dakika gecikmeli,dc1,rack-A,prod
ALM-11035,2026-08-27T03:23:30,Zabbix,ao-031-subscriber,subscriber-db,3,batch_slow,Toplu is calisma suresi 95 dakikaya ulasti,dc1,rack-B,prod
ALM-11026,2026-08-27T03:23:40,OBM,ao-031-subscriber,subscriber-db,3,batch_slow,Toplu is calisma suresi 93 dakikaya ulasti,dc1,rack-B,prod
ALM-11038,2026-08-27T03:24:12,OBM,ao-033-subscriber,subscriber-db,4,batch_slow,Toplu is calisma suresi 98 dakikaya ulasti,dc1,rack-A,prod
ALM-11043,2026-08-27T03:24:42,OBM,ao-031-subscriber,subscriber-db,4,cpu_high,CPU kullanimi yuzde 88,dc1,rack-B,prod
ALM-11069,2026-08-27T03:24:46,SyslogNG,ao-034-billing,billing-db,1,disk_warn,"Disk kullanimi uyari seviyesinde, yuzde 81 dolu",dc2,rack-B,prod
ALM-11039,2026-08-27T03:24:49,OBM,ao-050-reconciliation,reconciliation-batch,4,batch_overlap,Toplu is penceresi cakismasi tespit edildi,dc2,rack-C,prod
ALM-11021,2026-08-27T03:25:05,OBM,ao-033-subscriber,subscriber-db,3,db_conn_pool,"Baglanti havuzu tukendi, bekleyen istek sayisi 78",dc1,rack-A,prod
ALM-11049,2026-08-27T03:25:21,AppDynamics,ao-050-reconciliation,reconciliation-batch,4,db_conn_pool,"Baglanti havuzu tukendi, bekleyen istek sayisi 97",dc2,rack-C,prod
ALM-11024,2026-08-27T03:25:54,SyslogNG,ao-050-reconciliation,reconciliation-batch,4,batch_overlap,Toplu is penceresi cakismasi tespit edildi,dc2,rack-C,prod
ALM-11027,2026-08-27T03:26:16,Prometheus,ao-051-report,report-batch,3,db_conn_pool,"Baglanti havuzu tukendi, bekleyen istek sayisi 84",dc1,rack-A,prod
ALM-11017,2026-08-27T03:27:30,Prometheus,ao-048-batch,batch-scheduler,3,db_conn_pool,"Baglanti havuzu tukendi, bekleyen istek sayisi 90",dc2,rack-A,prod
ALM-11014,2026-08-27T03:27:57,OBM,ao-033-subscriber,subscriber-db,3,cpu_high,CPU kullanimi yuzde 84,dc1,rack-A,prod
